Samples - Plot 0,Amplitude [V] - Plot 0
0,-0.00115109
1,-0.000639496
2,-0.000895294
3,-0.000383698
4,0
5,0
6,-0.000639496
7,-0.000767395
8,-0.000639496
9,-0.00153479
10,-0.000767395
11,-0.000383698
12,-0.000895294
13,0.000255798
14,0.000895294
15,0.000255798
16,0.000127899
17,0.000127899
18,-0.000127899
19,-0.000767395
20,-0.000511597
21,0
22,0.000127899
23,0.000255798
24,0.000127899
25,0.000255798
26,-0.000511597
27,0.000255798
28,0.000511597
29,0.000255798
30,0.000383698
31,0.000767395
32,0.00115109
33,0.000767395
34,0.000767395
35,0.000639496
36,0.000255798
37,0.000511597
38,0.000639496
39,-0.000127899
40,0.000127899
41,0.000511597
42,0.000767395
43,0.000895294
44,0.000639496
45,-0.000127899
46,-0.000895294
47,-0.000639496
48,-0.000255798
49,-0.00102319
50,-0.00115109
51,-0.00153479
52,-0.00140689
53,-0.00115109
54,-0.00140689
55,-0.00166269
56,-0.00179059
57,-0.00179059
58,-0.00217429
59,-0.00191849
60,-0.00127899
61,-0.00127899
62,-0.000895294
63,-0.00102319
64,-0.00102319
65,-0.00127899
66,-0.000895294
67,-0.00115109
68,-0.00127899
69,-0.00140689
70,-0.000639496
71,0.000127899
72,0.000255798
73,-0.000127899
74,0.000383698
75,0.000639496
76,0.00102319
77,0.00140689
78,0.00102319
79,0.00179059
80,0.00179059
81,0.00153479
82,0.00115109
83,0.00115109
84,0.00153479
85,0.000895294
86,0.00115109
87,0.00102319
88,0.000511597
89,0.000511597
90,0.000127899
91,-0.000383698
92,-0.000895294
93,-0.00102319
94,-0.00115109
95,-0.00204639
96,-0.00319748
97,-0.00332538
98,-0.00345328
99,-0.00345328
100,-0.00383697
101,-0.00422067
102,-0.00460437
103,-0.00447647
104,-0.00486017
105,-0.00524387
106,-0.00473227
107,-0.00447647
108,-0.00447647
109,-0.00409277
110,-0.00383697
111,-0.00319748
112,-0.00217429
113,-0.00127899
114,-0.000383698
115,0.000511597
116,0.00153479
117,0.00191849
118,0.00243008
119,0.00370908
120,0.00486017
121,0.00575546
122,0.00626706
123,0.00652286
124,0.00639496
125,0.00652286
126,0.00767395
127,0.00729025
128,0.00690656
129,0.00690656
130,0.00652286
131,0.00601126
132,0.00511597
133,0.00434857
134,0.00294168
135,0.00191849
136,0.000767395
137,-0.000383698
138,-0.00179059
139,-0.00370908
140,-0.00434857
141,-0.00549966
142,-0.00703445
143,-0.00780185
144,-0.00920874
145,-0.0102319
146,-0.0111272
147,-0.0116388
148,-0.0122783
149,-0.0127899
150,-0.0127899
151,-0.0120225
152,-0.0116388
153,-0.0111272
154,-0.00997614
155,-0.00844134
156,-0.00639496
157,-0.00549966
158,-0.00434857
159,-0.00268588
160,-0.00115109
161,0.000895294
162,0.00255798
163,0.00383697
164,0.00549966
165,0.00754605
166,0.00933664
167,0.0111272
168,0.0129178
169,0.0141968
170,0.0150921
171,0.0159874
172,0.0143247
173,0.0141968
174,0.0154758
175,0.0148363
176,0.0171385
177,0.0166269
178,0.0153479
179,0.0134294
180,0.0109993
181,0.00844134
182,0.00588336
183,0.00281378
184,-0.000639496
185,-0.00409277
186,-0.00729025
187,-0.0103598
188,-0.0129178
189,-0.0154758
190,-0.0182896
191,-0.0205918
192,-0.0227661
193,-0.0243008
194,-0.0244287
195,-0.0254519
196,-0.025324
197,-0.0244287
198,-0.0232776
199,-0.0227661
200,-0.0211034
201,-0.0194407
202,-0.0176501
203,-0.0145805
204,-0.0108714
205,-0.00703445
206,-0.00358118
207,0.000767395
208,0.00460437
209,0.00844134
210,0.0118946
211,0.0156037
212,0.0176501
213,0.0202081
214,0.0235334
215,0.0258356
216,0.0272425
217,0.0287773
218,0.0299284
219,0.0296726
220,0.0299284
221,0.0289052
222,0.0268588
223,0.0254519
224,0.022894
225,0.0208476
226,0.0180338
227,0.0141968
228,0.00959244
229,0.00486017
230,0.000895294
231,-0.00345328
232,-0.00831345
233,-0.0130457
234,-0.0170106
235,-0.0211034
236,-0.0248124
237,-0.0282657
238,-0.0310795
239,-0.0335096
240,-0.0350444
241,-0.0369629
242,-0.0377303
243,-0.0376024
244,-0.0364513
245,-0.0351723
246,-0.0328701
247,-0.0296726
248,-0.0268588
249,-0.0236613
250,-0.0191849
251,-0.0147084
252,-0.0104877
253,-0.00498807
254,0.000383698
255,0.00601126
256,0.011383
257,0.0167548
258,0.0221266
259,0.0269867
260,0.0314632
261,0.0353002
262,0.0384976
263,0.0415672
264,0.0432299
265,0.0438694
266,0.044381
267,0.0434857
268,0.0425904
269,0.0411835
270,0.0391371
271,0.035556
272,0.0312074
273,0.0269867
274,0.0219987
275,0.0163711
276,0.0102319
277,0.00409277
278,-0.00294168
279,-0.00972034
280,-0.0158595
281,-0.0226382
282,-0.0287773
283,-0.0337654
284,-0.0391371
285,-0.0451484
286,-0.0512876
287,-0.0538456
288,-0.0556361
289,-0.0561477
290,-0.0561477
291,-0.0556361
292,-0.0541013
293,-0.0519271
294,-0.048218
295,-0.0441252
296,-0.0390092
297,-0.032998
298,-0.0269867
299,-0.020336
300,-0.0127899
301,-0.00537177
302,0.00230219
303,0.00997614
304,0.0180338
305,0.0257077
306,0.0326143
307,0.0396487
308,0.04566
309,0.0510318
310,0.0555082
311,0.059601
312,0.0619032
313,0.0642054
314,0.0649728
315,0.0644612
316,0.0629264
317,0.0598568
318,0.0564035
319,0.052055
320,0.0466832
321,0.0396487
322,0.0321027
323,0.0239171
324,0.0148363
325,0.00665076
326,-0.00243008
327,-0.0118946
328,-0.0207197
329,-0.0296726
330,-0.0384976
331,-0.0465553
332,-0.0535898
333,-0.0599847
334,-0.0652286
335,-0.0694492
336,-0.0726467
337,-0.0745652
338,-0.0754605
339,-0.0744373
340,-0.0723909
341,-0.0693213
342,-0.0654844
343,-0.0607521
344,-0.054485
345,-0.0465553
346,-0.0387534
347,-0.0292889
348,-0.0186733
349,-0.00844134
350,0.00191849
351,0.0127899
352,0.0232776
353,0.0331259
354,0.0436136
355,0.0524387
356,0.059601
357,0.0667634
358,0.0734141
359,0.0782743
360,0.0822392
361,0.0876109
362,0.0879946
363,0.0859482
364,0.0835182
365,0.0789138
366,0.0740536
367,0.0675308
368,0.0601126
369,0.0515434
370,0.041823
371,0.0313353
372,0.0204639
373,0.00844134
374,-0.00306958
375,-0.0149642
376,-0.0272425
377,-0.0379861
378,-0.050776
379,-0.0617753
380,-0.0699608
381,-0.0778906
382,-0.0845414
383,-0.0901689
384,-0.0942617
385,-0.0968197
386,-0.0979708
387,-0.0968197
388,-0.0945175
389,-0.0904247
390,-0.084925
391,-0.0776348
392,-0.0688098
393,-0.0592173
394,-0.0486017
395,-0.0370908
396,-0.0243008
397,-0.0107435
398,0.00281378
399,0.0162432
400,0.0303121
401,0.0432299
402,0.0552524
403,0.0668913
404,0.077379
405,0.0883783
406,0.0973313
407,0.103598
408,0.107691
409,0.109737
410,0.110889
411,0.110121
412,0.107691
413,0.10347
414,0.0972034
415,0.0892736
416,0.0796812
417,0.0688098
418,0.0565314
419,0.0432299
420,0.0296726
421,0.0148363
422,-0.000511597
423,-0.0156037
424,-0.0313353
425,-0.0470669
426,-0.0633101
427,-0.0759721
428,-0.0881225
429,-0.0983545
430,-0.107307
431,-0.114853
432,-0.120609
433,-0.124446
434,-0.125981
435,-0.125853
436,-0.123678
437,-0.119202
438,-0.112935
439,-0.103982
440,-0.0932385
441,-0.0814718
442,-0.068554
443,-0.0539735
444,-0.0377303
445,-0.0209755
446,-0.00370908
447,0.0136852
448,0.0314632
449,0.0479622
450,0.0643333
451,0.0798091
452,0.0963081
453,0.108714
454,0.118435
455,0.127643
456,0.13455
457,0.138771
458,0.140305
459,0.140177
460,0.138131
461,0.133527
462,0.12662
463,0.117284
464,0.105389
465,0.0920874
466,0.0767395
467,0.0603684
468,0.043102
469,0.0249403
470,0.00524387
471,-0.0147084
472,-0.0341491
473,-0.0556361
474,-0.0740536
475,-0.0899131
476,-0.104877
477,-0.118051
478,-0.129818
479,-0.139538
480,-0.147596
481,-0.152967
482,-0.155397
483,-0.155142
484,-0.151561
485,-0.145677
486,-0.13762
487,-0.127643
488,-0.114598
489,-0.0998892
490,-0.0835182
491,-0.0652286
492,-0.0457879
493,-0.025324
494,-0.00511597
495,0.0158595
496,0.0374745
497,0.0574267
498,0.0768674
499,0.0982266
500,0.115109
501,0.129818
502,0.141968
503,0.151944
504,0.159362
505,0.163711
506,0.166141
507,0.166269
508,0.162944
509,0.156421
510,0.147724
511,0.135957
512,0.121504
513,0.106028
514,0.0879946
515,0.0681703
516,0.0474506
517,0.0254519
518,0.00268588
519,-0.020336
520,-0.043102
521,-0.0679145
522,-0.087483
523,-0.106284
524,-0.123551
525,-0.139026
526,-0.152584
527,-0.163327
528,-0.171257
529,-0.176245
530,-0.179187
531,-0.178164
532,-0.174582
533,-0.167932
534,-0.158083
535,-0.145805
536,-0.130841
537,-0.113958
538,-0.0940059
539,-0.0725188
540,-0.0498807
541,-0.026603
542,-0.00255798
543,0.0217429
544,0.0452763
545,0.0681703
546,0.0922153
547,0.11383
548,0.131225
549,0.147596
550,0.161025
551,0.171769
552,0.181105
553,0.186733
554,0.189291
555,0.188012
556,0.183152
557,0.175989
558,0.165246
559,0.151561
560,0.136341
561,0.118435
562,0.0984824
563,0.0766116
564,0.0515434
565,0.0268588
566,0.00255798
567,-0.0226382
568,-0.0491133
569,-0.0750768
570,-0.096436
571,-0.117411
572,-0.137236
573,-0.154118
574,-0.168571
575,-0.180082
576,-0.188651
577,-0.193895
578,-0.196837
579,-0.196069
580,-0.190698
581,-0.182896
582,-0.172792
583,-0.159362
584,-0.142735
585,-0.123295
586,-0.102191
587,-0.0789138
588,-0.0548687
589,-0.0296726
590,-0.00370908
591,0.0223824
592,0.0475785
593,0.0727746
594,0.0998892
595,0.122144
596,0.141712
597,0.158851
598,0.173303
599,0.185582
600,0.194151
601,0.199523
602,0.201825
603,0.201057
604,0.196965
605,0.188012
606,0.176117
607,0.161665
608,0.145421
609,0.126492
610,0.104749
611,0.0803207
612,0.0546129
613,0.0282657
614,0.00127899
615,-0.0255798
616,-0.0541013
617,-0.0810881
618,-0.104366
619,-0.125853
620,-0.145805
621,-0.162944
622,-0.17778
623,-0.190314
624,-0.199395
625,-0.204639
626,-0.206429
627,-0.204255
628,-0.198883
629,-0.190953
630,-0.179826
631,-0.16435
632,-0.146061
633,-0.125725
634,-0.103726
635,-0.0800649
636,-0.0539735
637,-0.0273704
638,-0.000255798
639,0.0268588
640,0.0532061
641,0.078658
642,0.106796
643,0.128794
644,0.148107
645,0.165757
646,0.180082
647,0.191849
648,0.200546
649,0.20579
650,0.207708
651,0.205534
652,0.199906
653,0.190186
654,0.17778
655,0.16256
656,0.14491
657,0.124957
658,0.101808
659,0.0776348
660,0.052055
661,0.0250682
662,-0.00281378
663,-0.0294168
664,-0.0579383
665,-0.0850529
666,-0.10897
667,-0.131097
668,-0.150921
669,-0.167676
670,-0.181873
671,-0.193895
672,-0.202081
673,-0.206813
674,-0.207708
675,-0.204639
676,-0.198627
677,-0.188907
678,-0.176373
679,-0.160258
680,-0.141968
681,-0.120865
682,-0.0980987
683,-0.0737978
684,-0.0479622
685,-0.021615
686,0.00498807
687,0.0319748
688,0.0588336
689,0.0858203
690,0.111272
691,0.133015
692,0.152328
693,0.167932
694,0.181233
695,0.191721
696,0.199267
697,0.202848
698,0.203615
699,0.200546
700,0.194279
701,0.184431
702,0.171513
703,0.155781
704,0.137236
705,0.1169
706,0.0933664
707,0.0689377
708,0.0432299
709,0.0166269
710,-0.00972034
711,-0.0361955
712,-0.0651007
713,-0.0894015
714,-0.111656
715,-0.132887
716,-0.151049
717,-0.16742
718,-0.18021
719,-0.189419
720,-0.195942
721,-0.20029
722,-0.200418
723,-0.196709
724,-0.189802
725,-0.179826
726,-0.166269
727,-0.151305
728,-0.133015
729,-0.111656
730,-0.0891457
731,-0.0648449
732,-0.0393929
733,-0.0133015
734,0.0129178
735,0.0383698
736,0.0629264
737,0.0882504
738,0.112295
739,0.132248
740,0.14977
741,0.164862
742,0.17714
743,0.186733
744,0.192872
745,0.195814
746,0.19543
747,0.191849
748,0.184431
749,0.173943
750,0.160386
751,0.143631
752,0.125085
753,0.103726
754,0.081216
755,0.0574267
756,0.0333817
757,0.00856924
758,-0.0167548
759,-0.0419509
760,-0.0698329
761,-0.0911921
762,-0.111656
763,-0.131225
764,-0.147851
765,-0.16192
766,-0.173431
767,-0.182128
768,-0.1875
769,-0.189419
770,-0.188268
771,-0.184047
772,-0.176501
773,-0.165757
774,-0.1522
775,-0.135317
776,-0.1169
777,-0.0969476
778,-0.0740536
779,-0.0505202
780,-0.026603
781,-0.00140689
782,0.0232776
783,0.0475785
784,0.0703445
785,0.0940059
786,0.114598
787,0.132504
788,0.147212
789,0.160513
790,0.169978
791,0.176885
792,0.180849
793,0.182256
794,0.179698
795,0.173815
796,0.164862
797,0.153863
798,0.13941
799,0.122527
800,0.10411
801,0.0839019
802,0.0620311
803,0.0393929
804,0.0156037
805,-0.00856924
806,-0.0321027
807,-0.0580662
808,-0.0800649
809,-0.0993777
810,-0.117156
811,-0.133783
812,-0.147596
813,-0.159107
814,-0.167548
815,-0.17292
816,-0.175222
817,-0.173943
818,-0.170234
819,-0.162944
820,-0.152967
821,-0.141584
822,-0.12662
823,-0.109865
824,-0.0914479
825,-0.0707282
826,-0.0492412
827,-0.0269867
828,-0.00409277
829,0.0181617
830,0.0400324
831,0.0620311
832,0.0836461
833,0.104494
834,0.120737
835,0.134678
836,0.146828
837,0.156293
838,0.163711
839,0.167164
840,0.167548
841,0.164478
842,0.159874
843,0.152328
844,0.141201
845,0.128411
846,0.112807
847,0.0950291
848,0.0758442
849,0.0560198
850,0.0350444
851,0.0134294
852,-0.00856924
853,-0.0300563
854,-0.0526945
855,-0.0732862
856,-0.0914479
857,-0.107052
858,-0.121504
859,-0.133399
860,-0.143631
861,-0.151816
862,-0.156804
863,-0.158467
864,-0.157316
865,-0.153991
866,-0.14734
867,-0.138515
868,-0.127515
869,-0.11383
870,-0.0986103
871,-0.0818555
872,-0.0638217
873,-0.0432299
874,-0.0225103
875,-0.00191849
876,0.0186733
877,0.0393929
878,0.0588336
879,0.0771232
880,0.0959244
881,0.110761
882,0.123167
883,0.133527
884,0.14184
885,0.146828
886,0.149258
887,0.149514
888,0.147468
889,0.142608
890,0.134806
891,0.124574
892,0.11204
893,0.097715
894,0.0821113
895,0.0652286
896,0.0471948
897,0.0285215
898,0.00895294
899,-0.0108714
900,-0.0301842
901,-0.0500086
902,-0.0694492
903,-0.0854366
904,-0.0997614
905,-0.111912
906,-0.123039
907,-0.13148
908,-0.137364
909,-0.140945
910,-0.142096
911,-0.141201
912,-0.136596
913,-0.130457
914,-0.122144
915,-0.110889
916,-0.0982266
917,-0.083774
918,-0.0679145
919,-0.0505202
920,-0.0323585
921,-0.0130457
922,0.00575546
923,0.0241729
924,0.0420788
925,0.0594731
926,0.0753326
927,0.0923432
928,0.106668
929,0.117284
930,0.126109
931,0.131992
932,0.136085
933,0.137364
934,0.136341
935,0.133143
936,0.126748
937,0.119074
938,0.10961
939,0.0942617
940,0.0624148
941,0.0365792
942,0.0173943
943,0.00191849
944,-0.012662
945,-0.0277541
946,-0.0404161
947,-0.058322
948,-0.064717
949,-0.0691935
950,-0.0745652
951,-0.0789138
952,-0.0828787
953,-0.0859482
954,-0.0886341
955,-0.0904247
956,-0.0910642
957,-0.0899131
958,-0.0873551
959,-0.0823671
960,-0.0769953
961,-0.0706003
962,-0.0633101
963,-0.0542292
964,-0.0447647
965,-0.0340212
966,-0.0230219
967,-0.0117667
968,-0.00102319
969,0.0106156
970,0.0227661
971,0.0336375
972,0.0442531
973,0.0535898
974,0.0620311
975,0.0694492
976,0.074821
977,0.0790417
978,0.0818555
979,0.0891457
980,0.0899131
981,0.0855645
982,0.0805765
983,0.0755884
984,0.0700887
985,0.0619032
986,0.0529503
987,0.0434857
988,0.0332538
989,0.0226382
990,0.0118946
991,0.000895294
992,-0.0104877
993,-0.0214871
994,-0.0315911
995,-0.041823
996,-0.0602405
997,-0.0656123
998,-0.0702166
999,-0.0745652
1000,-0.0789138
1001,-0.0815997
1002,-0.0831345
1003,-0.0832624
1004,-0.0818555
1005,-0.0795533
1006,-0.0754605
1007,-0.0703445
1008,-0.0633101
1009,-0.0548687
1010,-0.0461716
1011,-0.0358118
1012,-0.0250682
1013,-0.013941
1014,-0.00255798
1015,0.00844134
1016,0.0191849
1017,0.0298005
1018,0.0401603
1019,0.0497528
1020,0.0580662
1021,0.0648449
1022,0.0716235
1023,0.0769953
1024,0.0798091
1025,0.0817276
1026,0.0823671
1027,0.0804486
1028,0.0782743
1029,0.0754605
1030,0.0699608
1031,0.0635659
1032,0.0558919
1033,0.0468111
1034,0.0373466
1035,0.026603
1036,0.0158595
1037,0.00524387
1038,-0.00588336
1039,-0.0173943
1040,-0.0287773
1041,-0.0396487
1042,-0.0491133
1043,-0.0578104
1044,-0.064717
1045,-0.0706003
1046,-0.0754605
1047,-0.0790417
1048,-0.081216
1049,-0.0830066
1050,-0.0826229
1051,-0.0805765
1052,-0.0771232
1053,-0.0713677
1054,-0.0652286
1055,-0.0576825
1056,-0.0488575
1057,-0.039265
1058,-0.0290331
1059,-0.0181617
1060,-0.00741815
1061,0.00358118
1062,0.0145805
1063,0.0251961
1064,0.0353002
1065,0.0448926
1066,0.0546129
1067,0.0630543
1068,0.0695772
1069,0.0745652
1070,0.0790417
1071,0.0818555
1072,0.0826229
1073,0.09132
1074,0.0872272
1075,0.0819834
1076,0.0750768
1077,0.0674029
1078,0.0592173
1079,0.050776
1080,0.0424625
1081,0.0326143
1082,0.021615
1083,0.00984824
1084,-0.00179059
1085,-0.012662
1086,-0.022894
1087,-0.0331259
1088,-0.0460437
1089,-0.0619032
1090,-0.0666355
1091,-0.0714956
1092,-0.0763558
1093,-0.0798091
1094,-0.0828787
1095,-0.0842855
1096,-0.0847972
1097,-0.0833903
1098,-0.0807044
1099,-0.0757163
1100,-0.0708561
1101,-0.0636938
1102,-0.0560198
1103,-0.0470669
1104,-0.0367071
1105,-0.0263472
1106,-0.0159874
1107,-0.00422067
1108,0.00729025
1109,0.0184175
1110,0.0294168
1111,0.040544
1112,0.0502644
1113,0.0589615
1114,0.0668913
1115,0.0737978
1116,0.0794254
1117,0.0844135
1118,0.0932385
1119,0.0904247
1120,0.0876109
1121,0.0842855
1122,0.0800649
1123,0.0743094
1124,0.0668913
1125,0.0589615
1126,0.0503923
1127,0.0404161
1128,0.0303121
1129,0.0193128
1130,0.00780185
1131,-0.00345328
1132,-0.0149642
1133,-0.026603
1134,-0.036835
1135,-0.0525666
1136,-0.0644612
1137,-0.0702166
1138,-0.0752047
1139,-0.0795533
1140,-0.0830066
1141,-0.0853087
1142,-0.0864598
1143,-0.0864598
1144,-0.0854366
1145,-0.0823671
1146,-0.0781464
1147,-0.0718793
1148,-0.0643333
1149,-0.055764
1150,-0.0460437
1151,-0.0353002
1152,-0.0243008
1153,-0.0121504
1154,-0.000639496
1155,0.0112551
1156,0.0227661
1157,0.0345328
1158,0.0447647
1159,0.054485
1160,0.0629264
1161,0.0702166
1162,0.0768674
1163,0.0821113
1164,0.0920874
1165,0.0924711
1166,0.0904247
1167,0.087483
1168,0.0840298
1169,0.0796812
1170,0.0734141
1171,0.0663797
1172,0.0584499
1173,0.0489854
1174,0.039265
1175,0.0282657
1176,0.0163711
1177,0.00473227
1178,-0.00818555
1179,-0.0204639
1180,-0.0314632
1181,-0.041823
1182,-0.0606242
1183,-0.0654844
1184,-0.070984
1185,-0.0759721
1186,-0.0808323
1187,-0.083774
1188,-0.0867156
1189,-0.0885062
1190,-0.0873551
1191,-0.0850529
1192,-0.0822392
1193,-0.0769953
1194,-0.0703445
1195,-0.0622869
1196,-0.053334
1197,-0.0437415
1198,-0.0332538
1199,-0.0214871
1200,-0.00959244
1201,0.00243008
1202,0.0140689
1203,0.0251961
1204,0.0364513
1205,0.0468111
1206,0.0560198
1207,0.0643333
1208,0.0716235
1209,0.0778906
1210,0.0819834
1211,0.0919595
1212,0.0922153
1213,0.0892736
1214,0.0863319
1215,0.0823671
1216,0.0771232
1217,0.0702166
1218,0.0636938
1219,0.0553803
1220,0.04566
1221,0.0354281
1222,0.0244287
1223,0.0125341
1224,0.000767395
1225,-0.0106156
1226,-0.0214871
1227,-0.0323585
1228,-0.0436136
1229,-0.0612637
1230,-0.0665076
1231,-0.0721351
1232,-0.0761
1233,-0.0796812
1234,-0.0826229
1235,-0.0844135
1236,-0.084925
1237,-0.0839019
1238,-0.0814718
1239,-0.0768674
1240,-0.0720072
1241,-0.0648449
1242,-0.0574267
1243,-0.0487296
1244,-0.0396487
1245,-0.0290331
1246,-0.0179059
1247,-0.00626706
1248,0.00473227
1249,0.0158595
1250,0.0267309
1251,0.0377303
1252,0.0474506
1253,0.0560198
1254,0.0630543
1255,0.0704724
1256,0.0759721
1257,0.0801928
1258,0.0821113
1259,0.0823671
1260,0.081216
1261,0.0792975
1262,0.0761
1263,0.0714956
1264,0.0652286
1265,0.0579383
1266,0.0498807
1267,0.040544
1268,0.0306958
1269,0.0208476
1270,0.010104
1271,-0.000255798
1272,-0.0111272
1273,-0.0222545
1274,-0.0319748
1275,-0.0416951
1276,-0.0505202
1277,-0.058322
1278,-0.0648449
1279,-0.0703445
1280,-0.0741815
1281,-0.0769953
1282,-0.0787859
1283,-0.0787859
1284,-0.0780185
1285,-0.0749489
1286,-0.0713677
1287,-0.0651007
1288,-0.0578104
1289,-0.0511597
1290,-0.0427183
1291,-0.0335096
1292,-0.0235334
1293,-0.0130457
1294,-0.00294168
1295,0.00716235
1296,0.0172664
1297,0.0269867
1298,0.0358118
1299,0.0439973
1300,0.0514155
1301,0.0587057
1302,0.0644612
1303,0.0686819
1304,0.0714956
1305,0.0730304
1306,0.0732862
1307,0.0729025
1308,0.070984
1309,0.0671471
1310,0.0624148
1311,0.0561477
1312,0.0492412
1313,0.0414393
1314,0.0332538
1315,0.0244287
1316,0.0144526
1317,0.00473227
1318,-0.00460437
1319,-0.0135573
1320,-0.0234055
1321,-0.0321027
1322,-0.0395208
1323,-0.046939
1324,-0.0530782
1325,-0.0589615
1326,-0.0633101
1327,-0.0663797
1328,-0.0682982
1329,-0.068554
1330,-0.0677866
1331,-0.0665076
1332,-0.063438
1333,-0.0593452
1334,-0.0535898
1335,-0.0468111
1336,-0.0390092
1337,-0.0314632
1338,-0.0239171
1339,-0.0153479
1340,-0.00703445
1341,0.00127899
1342,0.00972034
1343,0.0188012
1344,0.0272425
1345,0.0346607
1346,0.0414393
1347,0.0475785
1348,0.0523108
1349,0.0569151
1350,0.0602405
1351,0.0622869
1352,0.0629264
1353,0.0629264
1354,0.0611358
1355,0.0585778
1356,0.054485
1357,0.0502644
1358,0.0447647
1359,0.038114
1360,0.0308237
1361,0.0235334
1362,0.0161153
1363,0.00831345
1364,0.000511597
1365,-0.00805765
1366,-0.0168827
1367,-0.024045
1368,-0.0318469
1369,-0.038114
1370,-0.0429741
1371,-0.0477064
1372,-0.0516713
1373,-0.0552524
1374,-0.0578104
1375,-0.0580662
1376,-0.0579383
1377,-0.0569151
1378,-0.0547408
1379,-0.0511597
1380,-0.0465553
1381,-0.0414393
1382,-0.0361955
1383,-0.0299284
1384,-0.0226382
1385,-0.0149642
1386,-0.00780185
1387,-0.000639496
1388,0.00601126
1389,0.0130457
1390,0.020336
1391,0.0268588
1392,0.0328701
1393,0.0379861
1394,0.0424625
1395,0.0461716
1396,0.0493691
1397,0.050776
1398,0.0514155
1399,0.0512876
1400,0.0500086
1401,0.0477064
1402,0.0448926
1403,0.0413114
1404,0.0370908
1405,0.0321027
1406,0.0260914
1407,0.0199523
1408,0.0130457
1409,0.00613916
1410,-0.000895294
1411,-0.00767395
1412,-0.0136852
1413,-0.0195686
1414,-0.0250682
1415,-0.0305679
1416,-0.035556
1417,-0.0393929
1418,-0.0422067
1419,-0.0447647
1420,-0.04566
1421,-0.0461716
1422,-0.0457879
1423,-0.0446368
1424,-0.0428462
1425,-0.0395208
1426,-0.0354281
1427,-0.0313353
1428,-0.0268588
1429,-0.0217429
1430,-0.0157316
1431,-0.00959244
1432,-0.00319748
1433,0.00268588
1434,0.00869714
1435,0.0141968
1436,0.0204639
1437,0.0254519
1438,0.0295447
1439,0.0331259
1440,0.0363234
1441,0.0388813
1442,0.040544
1443,0.041823
1444,0.0424625
1445,0.0413114
1446,0.0397766
1447,0.0370908
1448,0.0340212
1449,0.0300563
1450,0.0262193
1451,0.0209755
1452,0.0162432
1453,0.0111272
1454,0.00537177
1455,-0.000767395
1456,-0.00690656
1457,-0.0131736
1458,-0.0186733
1459,-0.0235334
1460,-0.027882
1461,-0.0314632
1462,-0.0350444
1463,-0.0378582
1464,-0.0396487
1465,-0.0411835
1466,-0.0415672
1467,-0.040544
1468,-0.0396487
1469,-0.0372187
1470,-0.0338933
1471,-0.0303121
1472,-0.0264751
1473,-0.0219987
1474,-0.0170106
1475,-0.0112551
1476,-0.00562756
1477,0.000639496
1478,0.00665076
1479,0.0118946
1480,0.0181617
1481,0.0231497
1482,0.0273704
1483,0.0312074
1484,0.0349165
1485,0.0374745
1486,0.0391371
1487,0.0410556
1488,0.0416951
1489,0.0410556
1490,0.0396487
1491,0.0377303
1492,0.0351723
1493,0.0313353
1494,0.0274983
1495,0.0226382
1496,0.0172664
1497,0.0116388
1498,0.00562756
1499,-0.000895294
1500,-0.00703445
1501,-0.012662
1502,-0.017778
1503,-0.0234055
1504,-0.0285215
1505,-0.0326143
1506,-0.036835
1507,-0.0397766
1508,-0.0422067
1509,-0.0436136
1510,-0.0446368
1511,-0.0446368
1512,-0.0433578
1513,-0.0415672
1514,-0.0384976
1515,-0.0345328
1516,-0.0306958
1517,-0.0255798
1518,-0.0196965
1519,-0.013941
1520,-0.00792975
1521,-0.00115109
1522,0.00537177
1523,0.0118946
1524,0.0188012
1525,0.0245566
1526,0.0300563
1527,0.0344049
1528,0.0388813
1529,0.0427183
1530,0.0454042
1531,0.0474506
1532,0.0488575
1533,0.0484738
1534,0.0475785
1535,0.0457879
1536,0.0432299
1537,0.0393929
1538,0.035556
1539,0.0305679
1540,0.0244287
1541,0.0182896
1542,0.0115109
1543,0.00422067
1544,-0.00358118
1545,-0.0107435
1546,-0.017778
1547,-0.0251961
1548,-0.0313353
1549,-0.0370908
1550,-0.0422067
1551,-0.0470669
1552,-0.0512876
1553,-0.0542292
1554,-0.0561477
1555,-0.0569151
1556,-0.0566593
1557,-0.0556361
1558,-0.0535898
1559,-0.0500086
1560,-0.0451484
1561,-0.0393929
1562,-0.032998
1563,-0.0263472
1564,-0.0191849
1565,-0.0115109
1566,-0.00319748
1567,0.00588336
1568,0.0144526
1569,0.0218708
1570,0.0298005
1571,0.0374745
1572,0.0441252
1573,0.0502644
1574,0.0551245
1575,0.059601
1576,0.0627985
1577,0.0648449
1578,0.0652286
1579,0.0645891
1580,0.063438
1581,0.0602405
1582,0.0564035
1583,0.0510318
1584,0.0448926
1585,0.0377303
1586,0.0299284
1587,0.0212313
1588,0.0122783
1589,0.00319748
1590,-0.00626706
1591,-0.0162432
1592,-0.0255798
1593,-0.0351723
1594,-0.0436136
1595,-0.0512876
1596,-0.058322
1597,-0.0638217
1598,-0.068554
1599,-0.072263
1600,-0.0750768
1601,-0.0763558
1602,-0.0759721
1603,-0.0736699
1604,-0.0706003
1605,-0.0663797
1606,-0.0598568
1607,-0.0526945
1608,-0.0447647
1609,-0.0356839
1610,-0.0258356
1611,-0.0159874
1612,-0.00562756
1613,0.00537177
1614,0.0167548
1615,0.0277541
1616,0.038114
1617,0.0480901
1618,0.0566593
1619,0.0642054
1620,0.0711119
1621,0.0769953
1622,0.0819834
1623,0.0901689
1624,0.0919595
1625,0.088762
1626,0.0850529
1627,0.0808323
1628,0.074821
1629,0.0681703
1630,0.0602405
1631,0.0515434
1632,0.0416951
1633,0.0310795
1634,0.0196965
1635,0.00780185
1636,-0.00422067
1637,-0.0166269
1638,-0.0290331
1639,-0.0404161
1640,-0.0597289
1641,-0.0674029
1642,-0.0740536
1643,-0.0807044
1644,-0.0860761
1645,-0.0909363
1646,-0.0942617
1647,-0.0956686
1648,-0.0959244
1649,-0.0936222
1650,-0.0901689
1651,-0.0851808
1652,-0.0785301
1653,-0.0702166
1654,-0.0606242
1655,-0.0497528
1656,-0.038114
1657,-0.0255798
1658,-0.0125341
1659,0.00102319
1660,0.0136852
1661,0.0268588
1662,0.0399045
1663,0.0523108
1664,0.0636938
1665,0.0743094
1666,0.0835182
1667,0.0984824
1668,0.101424
1669,0.10347
1670,0.104622
1671,0.104622
1672,0.102703
1673,0.0988661
1674,0.0934943
1675,0.0868435
1676,0.0782743
1677,0.068554
1678,0.0578104
1679,0.0455321
1680,0.0321027
1681,0.0181617
1682,0.00370908
1683,-0.0104877
1684,-0.0250682
1685,-0.0390092
1686,-0.0593452
1687,-0.0707282
1688,-0.0791696
1689,-0.0877388
1690,-0.095157
1691,-0.101168
1692,-0.106156
1693,-0.10961
1694,-0.110505
1695,-0.109993
1696,-0.107435
1697,-0.103215
1698,-0.096436
1699,-0.0886341
1700,-0.0781464
1701,-0.0674029
1702,-0.0547408
1703,-0.0407998
1704,-0.0262193
1705,-0.0122783
1706,0.00268588
1707,0.0180338
1708,0.032998
1709,0.0474506
1710,0.0607521
1711,0.0725188
1712,0.0860761
1713,0.101936
1714,0.107052
1715,0.111144
1716,0.114726
1717,0.116132
1718,0.116132
1719,0.114086
1720,0.110121
1721,0.104366
1722,0.0966918
1723,0.0873551
1724,0.0762279
1725,0.0639496
1726,0.050776
1727,0.035556
1728,0.0204639
1729,0.00473227
1730,-0.0104877
1731,-0.0260914
1732,-0.0414393
1733,-0.0645891
1734,-0.0757163
1735,-0.0858203
1736,-0.095157
1737,-0.103598
1738,-0.111656
1739,-0.11626
1740,-0.119714
1741,-0.121504
1742,-0.121121
1743,-0.118179
1744,-0.113447
1745,-0.106028
1746,-0.0969476
1747,-0.0865877
1748,-0.074821
1749,-0.0612637
1750,-0.046939
1751,-0.031719
1752,-0.0154758
1753,0.00166269
1754,0.017778
1755,0.0337654
1756,0.0492412
1757,0.063438
1758,0.0766116
1759,0.0942617
1760,0.10654
1761,0.112807
1762,0.118435
1763,0.122655
1764,0.124957
1765,0.124957
1766,0.122783
1767,0.119202
1768,0.113702
1769,0.105645
1770,0.0956686
1771,0.0840298
1772,0.0711119
1773,0.057043
1774,0.0419509
1775,0.025324
1776,0.00792975
1777,-0.00895294
1778,-0.0259635
1779,-0.0427183
1780,-0.0658681
1781,-0.0768674
1782,-0.0877388
1783,-0.097715
1784,-0.107052
1785,-0.114981
1786,-0.120737
1787,-0.124702
1788,-0.126748
1789,-0.126492
1790,-0.124062
1791,-0.11933
1792,-0.112935
1793,-0.103982
1794,-0.0934943
1795,-0.0810881
1796,-0.067275
1797,-0.0523108
1798,-0.0361955
1799,-0.0191849
1800,-0.00204639
1801,0.0150921
1802,0.0315911
1803,0.0468111
1804,0.0619032
1805,0.0764837
1806,0.0942617
1807,0.108075
1808,0.114726
1809,0.120097
1810,0.124702
1811,0.127643
1812,0.127899
1813,0.126236
1814,0.1224
1815,0.116516
1816,0.109226
1817,0.0995056
1818,0.0879946
1819,0.0739257
1820,0.059601
1821,0.0448926
1822,0.0289052
1823,0.0118946
1824,-0.00486017
1825,-0.021615
1826,-0.0383698
1827,-0.062159
1828,-0.0758442
1829,-0.0870993
1830,-0.097715
1831,-0.106796
1832,-0.114342
1833,-0.120737
1834,-0.12483
1835,-0.127515
1836,-0.127515
1837,-0.125725
1838,-0.120993
1839,-0.113574
1840,-0.105133
1841,-0.0943896
1842,-0.0826229
1843,-0.0691935
1844,-0.0541013
1845,-0.0377303
1846,-0.0213592
1847,-0.00447647
1848,0.012662
1849,0.0286494
1850,0.0447647
1851,0.0603684
1852,0.0741815
1853,0.0914479
1854,0.106412
1855,0.113063
1856,0.119074
1857,0.123039
1858,0.125725
1859,0.126236
1860,0.124957
1861,0.122016
1862,0.116388
1863,0.108586
1864,0.0988661
1865,0.087483
1866,0.0752047
1867,0.06088
1868,0.0455321
1869,0.0299284
1870,0.0135573
1871,-0.00345328
1872,-0.020336
1873,-0.0370908
1874,-0.059601
1875,-0.0734141
1876,-0.0844135
1877,-0.0946454
1878,-0.103087
1879,-0.110761
1880,-0.117667
1881,-0.122144
1882,-0.124957
1883,-0.124957
1884,-0.122783
1885,-0.118179
1886,-0.11204
1887,-0.103726
1888,-0.0933664
1889,-0.0817276
1890,-0.0686819
1891,-0.0539735
1892,-0.038114
1893,-0.0214871
1894,-0.00511597
1895,0.0108714
1896,0.0269867
1897,0.0427183
1898,0.0578104
1899,0.0717514
1900,0.0858203
1901,0.10411
1902,0.109865
1903,0.114598
1904,0.118818
1905,0.121632
1906,0.1224
1907,0.120993
1908,0.117667
1909,0.112168
1910,0.104749
1911,0.0950291
1912,0.0841577
1913,0.0714956
1914,0.058322
1915,0.0438694
1916,0.0287773
1917,0.0125341
1918,-0.00396487
1919,-0.020336
1920,-0.0356839
1921,-0.0558919
1922,-0.0716235
1923,-0.0817276
1924,-0.0917037
1925,-0.100145
1926,-0.107307
1927,-0.113447
1928,-0.117028
1929,-0.11869
1930,-0.11869
1931,-0.116005
1932,-0.1114
1933,-0.105389
1934,-0.0970755
1935,-0.0873551
1936,-0.0757163
1937,-0.0625427
1938,-0.0489854
1939,-0.0346607
1940,-0.0191849
1941,-0.00319748
1942,0.0122783
1943,0.0282657
1944,0.0436136
1945,0.0576825
1946,0.0708561
1947,0.082495
1948,0.100145
1949,0.106156
1950,0.110889
1951,0.113702
1952,0.116005
1953,0.115493
1954,0.113958
1955,0.110505
1956,0.105645
1957,0.097715
1958,0.0883783
1959,0.0781464
1960,0.065996
1961,0.0523108
1962,0.0378582
1963,0.022894
1964,0.00754605
1965,-0.00818555
1966,-0.0237892
1967,-0.0390092
1968,-0.0604963
1969,-0.072263
1970,-0.0817276
1971,-0.090041
1972,-0.097715
1973,-0.104366
1974,-0.109098
1975,-0.112551
1976,-0.113447
1977,-0.112295
1978,-0.109482
1979,-0.104366
1980,-0.0974592
1981,-0.088762
1982,-0.0789138
1983,-0.0677866
1984,-0.0549966
1985,-0.0411835
1986,-0.0264751
1987,-0.011383
1988,0.00434857
1989,0.0194407
1990,0.0344049
1991,0.048218
1992,0.0611358
1993,0.0731583
1994,0.0856924
1995,0.101296
1996,0.105133
1997,0.108331
1998,0.110121
1999,0.111016
2000,0.10961
2001,0.106668
2002,0.102319
2003,0.0961802
2004,0.0873551
2005,0.0778906
2006,0.0671471
2007,0.0546129
2008,0.0422067
2009,0.027882
2010,0.0131736
2011,-0.00153479
2012,-0.0166269
2013,-0.0315911
2014,-0.0475785
2015,-0.0656123
2016,-0.0743094
2017,-0.0826229
2018,-0.0911921
2019,-0.0974592
2020,-0.102447
2021,-0.105517
2022,-0.10718
2023,-0.107435
2024,-0.105389
2025,-0.101296
2026,-0.0955407
2027,-0.0877388
2028,-0.0780185
2029,-0.0671471
2030,-0.0552524
2031,-0.0422067
2032,-0.0282657
2033,-0.0149642
2034,-0.000255798
2035,0.0144526
2036,0.0282657
2037,0.0415672
2038,0.0541013
2039,0.0658681
2040,0.0762279
2041,0.0873551
2042,0.0998892
2043,0.103087
2044,0.104749
2045,0.105133
2046,0.103343
2047,0.101424
2048,0.0974592
2049,0.0918316
2050,0.0846692
2051,0.0759721
2052,0.0661239
2053,0.0553803
2054,0.0423346
2055,0.029161
2056,0.0156037
2057,0.00153479
2058,-0.0129178
2059,-0.0263472
2060,-0.0393929
2061,-0.0584499
2062,-0.0686819
2063,-0.0769953
2064,-0.0845414
2065,-0.0905526
2066,-0.0955407
2067,-0.0992498
2068,-0.101424
2069,-0.102064
2070,-0.100017
2071,-0.096436
2072,-0.09132
2073,-0.0854366
2074,-0.0764837
2075,-0.0665076
2076,-0.0553803
2077,-0.0436136
2078,-0.0312074
2079,-0.0175222
2080,-0.00319748
2081,0.0106156
2082,0.0237892
2083,0.0360676
2084,0.0479622
2085,0.0593452
2086,0.0694492
2087,0.0784022
2088,0.0915758
2089,0.0997614
2090,0.101168
2091,0.101424
2092,0.101296
2093,0.0988661
2094,0.0957965
2095,0.0908084
2096,0.0846692
2097,0.0772511
2098,0.067275
2099,0.0562756
2100,0.0438694
2101,0.0314632
2102,0.0189291
2103,0.00524387
2104,-0.00831345
2105,-0.0222545
2106,-0.0349165
2107,-0.0511597
2108,-0.0651007
2109,-0.0727746
2110,-0.0798091
2111,-0.0868435
2112,-0.0923432
2113,-0.0968197
2114,-0.0992498
2115,-0.100017
2116,-0.0993777
2117,-0.0973313
2118,-0.0929827
2119,-0.0867156
2120,-0.0787859
2121,-0.0700887
2122,-0.0592173
2123,-0.0475785
2124,-0.0349165
2125,-0.0219987
2126,-0.00844134
2127,0.00486017
2128,0.0186733
2129,0.0318469
2130,0.0446368
2131,0.0560198
2132,0.0666355
2133,0.0759721
2134,0.0854366
2135,0.0992498
2136,0.100657
2137,0.102064
2138,0.102319
2139,0.100785
2140,0.097715
2141,0.0931106
2142,0.087483
2143,0.0800649
2144,0.0712398
2145,0.0610079
2146,0.0492412
2147,0.0369629
2148,0.0239171
2149,0.0103598
2150,-0.00281378
2151,-0.016499
2152,-0.03044
2153,-0.0442531
2154,-0.063438
2155,-0.0707282
2156,-0.0782743
2157,-0.0851808
2158,-0.0911921
2159,-0.0957965
2160,-0.0995056
2161,-0.100912
2162,-0.100912
2163,-0.0992498
2164,-0.0961802
2165,-0.0914479
2166,-0.0844135
2167,-0.0750768
2168,-0.0656123
2169,-0.0538456
2170,-0.0410556
2171,-0.0282657
2172,-0.0150921
2173,-0.00115109
2174,0.0122783
2175,0.026603
2176,0.0399045
2177,0.0523108
2178,0.0636938
2179,0.0740536
2180,0.0831345
2181,0.0987382
2182,0.101808
2183,0.104238
2184,0.104238
2185,0.103343
2186,0.100912
2187,0.0973313
2188,0.0920874
2189,0.0851808
2190,0.0767395
2191,0.067275
2192,0.0560198
2193,0.0436136
2194,0.03044
2195,0.0166269
2196,0.00306958
2197,-0.0106156
2198,-0.0241729
2199,-0.0373466
2200,-0.0562756
2201,-0.0684261
2202,-0.0763558
2203,-0.0832624
2204,-0.0897852
2205,-0.0957965
2206,-0.0996335
2207,-0.102319
2208,-0.10411
2209,-0.102447
2210,-0.0993777
2211,-0.0946454
2212,-0.0885062
2213,-0.0800649
2214,-0.0704724
2215,-0.059601
2216,-0.048218
2217,-0.0360676
2218,-0.0227661
2219,-0.00831345
2220,0.00588336
2221,0.0195686
2222,0.0327422
2223,0.0462995
2224,0.0585778
2225,0.0690655
2226,0.0795533
2227,0.0933664
2228,0.101296
2229,0.103087
2230,0.104494
2231,0.104622
2232,0.103215
2233,0.0998892
2234,0.0954128
2235,0.0894015
2236,0.0821113
2237,0.0737978
2238,0.0631822
2239,0.0514155
2240,0.038114
2241,0.0251961
2242,0.0115109
2243,-0.00230219
2244,-0.0157316
2245,-0.0292889
2246,-0.0434857
2247,-0.0636938
2248,-0.0714956
2249,-0.0801928
2250,-0.0868435
2251,-0.0928548
2252,-0.0978429
2253,-0.101552
2254,-0.102959
2255,-0.103343
2256,-0.102319
2257,-0.0993777
2258,-0.0945175
2259,-0.0870993
2260,-0.0782743
2261,-0.0689377
2262,-0.0576825
2263,-0.04566
2264,-0.0321027
2265,-0.0181617
2266,-0.00396487
2267,0.00997614
2268,0.0243008
2269,0.0374745
2270,0.0503923
2271,0.0619032
2272,0.072263
2273,0.0810881
2274,0.0960523
2275,0.102191
2276,0.104238
2277,0.105517
2278,0.105645
2279,0.103854
2280,0.101296
2281,0.0959244
2282,0.0894015
2283,0.0815997
2284,0.0720072
2285,0.0610079
2286,0.0489854
2287,0.0360676
2288,0.0223824
2289,0.00895294
2290,-0.00498807
2291,-0.0184175
2292,-0.031719
2293,-0.0478343
2294,-0.065996
2295,-0.0744373
2296,-0.0818555
2297,-0.0882504
2298,-0.0947733
2299,-0.0996335
2300,-0.102831
2301,-0.10411
2302,-0.103982
2303,-0.102064
2304,-0.0986103
2305,-0.0924711
2306,-0.0856924
2307,-0.0764837
2308,-0.0661239
2309,-0.0547408
2310,-0.0425904
2311,-0.0287773
2312,-0.01522
2313,-0.000895294
2314,0.0129178
2315,0.0264751
2316,0.0400324
2317,0.0523108
2318,0.0642054
2319,0.0741815
2320,0.0836461
2321,0.0992498
2322,0.102831
2323,0.104877
2324,0.106028
2325,0.105005
2326,0.102319
2327,0.0987382
2328,0.0937501
2329,0.0870993
2330,0.0781464
2331,0.0681703
2332,0.0572988
2333,0.0450205
2334,0.031719
2335,0.0176501
2336,0.00460437
2337,-0.00920874
2338,-0.0231497
2339,-0.0361955
2340,-0.0542292
2341,-0.0676587
2342,-0.0762279
2343,-0.0833903
2344,-0.0902968
2345,-0.0961802
2346,-0.100785
2347,-0.103343
2348,-0.103982
2349,-0.102831
2350,-0.100017
2351,-0.095157
2352,-0.0888899
2353,-0.0805765
2354,-0.070984
2355,-0.0607521
2356,-0.049497
2357,-0.036835
2358,-0.0236613
2359,-0.00984824
2360,0.00447647
2361,0.0186733
2362,0.0321027
2363,0.0448926
2364,0.0566593
2365,0.0677866
2366,0.077379
2367,0.0895294
2368,0.0997614
2369,0.10168
2370,0.102575
2371,0.102575
2372,0.100912
2373,0.0986103
2374,0.0947733
2375,0.0886341
2376,0.0814718
2377,0.0726467
2378,0.0626706
2379,0.0510318
2380,0.0390092
2381,0.0257077
2382,0.0125341
2383,-0.000767395
2384,-0.0143247
2385,-0.0276262
2386,-0.0409277
2387,-0.0611358
2388,-0.0691935
2389,-0.0767395
2390,-0.0841577
2391,-0.0902968
2392,-0.0945175
2393,-0.0983545
2394,-0.0996335
2395,-0.100273
2396,-0.0984824
2397,-0.0957965
2398,-0.0904247
2399,-0.0831345
2400,-0.0750768
2401,-0.0652286
2402,-0.054485
2403,-0.0434857
2404,-0.0309516
2405,-0.0180338
2406,-0.00460437
2407,0.00933664
2408,0.0230219
2409,0.0356839
2410,0.0471948
2411,0.0580662
2412,0.0682982
2413,0.0766116
2414,0.0847972
2415,0.097715
2416,0.0992498
2417,0.0996335
2418,0.0988661
2419,0.0970755
2420,0.0937501
2421,0.0886341
2422,0.0827508
2423,0.0753326
2424,0.0661239
2425,0.0560198
2426,0.0448926
2427,0.0322306
2428,0.0196965
2429,0.00754605
2430,-0.00524387
2431,-0.0182896
2432,-0.0314632
2433,-0.0441252
2434,-0.0620311
2435,-0.0686819
2436,-0.0754605
2437,-0.0815997
2438,-0.0865877
2439,-0.0906805
2440,-0.0936222
2441,-0.0945175
2442,-0.0940059
2443,-0.0923432
2444,-0.0890178
2445,-0.0835182
2446,-0.0762279
2447,-0.0674029
2448,-0.0578104
2449,-0.0474506
2450,-0.0364513
2451,-0.0246845
2452,-0.0118946
2453,0.000639496
2454,0.0129178
2455,0.0259635
2456,0.038114
2457,0.0487296
2458,0.0587057
2459,0.0681703
2460,0.0758442
2461,0.0822392
2462,0.0940059
2463,0.0960523
2464,0.0950291
2465,0.0933664
2466,0.0909363
2467,0.087483
2468,0.0819834
2469,0.0757163
2470,0.0680424
2471,0.0592173
2472,0.0496249
2473,0.0387534
2474,0.0267309
2475,0.0147084
2476,0.00255798
2477,-0.0103598
2478,-0.0225103
2479,-0.0345328
2480,-0.0493691
2481,-0.0642054
2482,-0.0703445
2483,-0.0763558
2484,-0.0817276
2485,-0.0859482
2486,-0.0890178
2487,-0.0909363
2488,-0.0910642
2489,-0.0899131
2490,-0.0872272
2491,-0.0835182
2492,-0.0775069
2493,-0.0698329
2494,-0.0612637
2495,-0.0521829
2496,-0.0413114
2497,-0.0296726
2498,-0.0176501
2499,-0.00537177
2500,0.00703445
2501,0.0193128
2502,0.0308237
2503,0.0420788
2504,0.0526945
2505,0.0613916
2506,0.0693213
2507,0.0766116
2508,0.0819834
2509,0.0928548
2510,0.0952849
2511,0.0940059
2512,0.0909363
2513,0.0872272
2514,0.0827508
2515,0.0767395
2516,0.0693213
2517,0.0616474
2518,0.0529503
2519,0.0427183
2520,0.0315911
2521,0.0191849
2522,0.00716235
2523,-0.00460437
2524,-0.0159874
2525,-0.0272425
2526,-0.0390092
2527,-0.0566593
2528,-0.0658681
2529,-0.0714956
2530,-0.0772511
2531,-0.0814718
2532,-0.0851808
2533,-0.0877388
2534,-0.088762
2535,-0.0886341
2536,-0.0872272
2537,-0.0832624
2538,-0.0776348
2539,-0.0712398
2540,-0.0636938
2541,-0.0548687
2542,-0.0447647
2543,-0.0336375
2544,-0.0227661
2545,-0.0112551
2546,0.000895294
2547,0.0131736
2548,0.0251961
2549,0.0364513
2550,0.0462995
2551,0.0558919
2552,0.0652286
2553,0.0727746
2554,0.0781464
2555,0.0828787
2556,0.0934943
2557,0.0932385
2558,0.0910642
2559,0.0877388
2560,0.0831345
2561,0.0775069
2562,0.0706003
2563,0.0631822
2564,0.0546129
2565,0.0454042
2566,0.0349165
2567,0.0235334
2568,0.0115109
2569,0.000127899
2570,-0.0120225
2571,-0.0234055
2572,-0.0341491
2573,-0.0471948
2574,-0.0624148
2575,-0.0671471
2576,-0.072263
2577,-0.0772511
2578,-0.081216
2579,-0.0839019
2580,-0.0859482
2581,-0.0865877
2582,-0.0855645
2583,-0.0828787
2584,-0.078658
2585,-0.072263
2586,-0.0651007
2587,-0.0567872
2588,-0.0473227
2589,-0.0379861
2590,-0.0274983
2591,-0.016499
2592,-0.00460437
2593,0.00729025
2594,0.0186733
2595,0.0300563
2596,0.0411835
2597,0.0509039
2598,0.0593452
2599,0.0667634
2600,0.0734141
2601,0.078658
2602,0.0828787
2603,0.0923432
2604,0.0914479
2605,0.0873551
2606,0.0836461
2607,0.0784022
2608,0.0725188
2609,0.0652286
2610,0.0574267
2611,0.0487296
2612,0.0390092
2613,0.0283936
2614,0.0172664
2615,0.00549966
2616,-0.00601126
2617,-0.0166269
2618,-0.0272425
2619,-0.038114
2620,-0.0534619
2621,-0.0631822
2622,-0.0686819
2623,-0.0740536
2624,-0.0785301
2625,-0.0821113
2626,-0.0842855
2627,-0.0853087
2628,-0.0853087
2629,-0.0830066
2630,-0.0792975
2631,-0.0746931
2632,-0.068554
2633,-0.0616474
2634,-0.0524387
2635,-0.0422067
2636,-0.0321027
2637,-0.0214871
2638,-0.00984824
2639,0.00140689
2640,0.0122783
2641,0.0239171
2642,0.0347886
2643,0.0451484
2644,0.0542292
2645,0.0619032
2646,0.0686819
2647,0.0746931
2648,0.0804486
2649,0.0851808
2650,0.0932385
2651,0.0897852
2652,0.0860761
2653,0.0814718
2654,0.0764837
2655,0.0700887
2656,0.0626706
2657,0.0543571
2658,0.0445089
2659,0.034277
2660,0.0232776
2661,0.0118946
2662,0.000895294
2663,-0.0106156
2664,-0.0221266
2665,-0.0323585
2666,-0.0432299
2667,-0.0607521
2668,-0.0658681
2669,-0.070984
2670,-0.0757163
2671,-0.0800649
2672,-0.0827508
2673,-0.0842855
2674,-0.0847972
2675,-0.083774
2676,-0.0813439
2677,-0.0781464
2678,-0.0726467
2679,-0.0652286
2680,-0.0567872
2681,-0.0479622
2682,-0.0383698
2683,-0.0280099
2684,-0.0171385
2685,-0.00575546
2686,0.00588336
2687,0.0176501
2688,0.0287773
2689,0.0395208
2690,0.0487296
2691,0.0575546
2692,0.0649728
2693,0.0713677
2694,0.0769953
2695,0.081216
2696,0.0836461
2697,0.0927269
2698,0.0886341
2699,0.0847972
2700,0.0796812
2701,0.0736699
2702,0.0666355
2703,0.0587057
2704,0.0500086
2705,0.0404161
2706,0.0296726
2707,0.0184175
2708,0.00703445
2709,-0.00409277
2710,-0.0150921
2711,-0.0257077
2712,-0.0364513
2713,-0.050776
2714,-0.0629264
2715,-0.0681703
2716,-0.073542
2717,-0.0775069
2718,-0.0808323
2719,-0.0828787
2720,-0.0833903
2721,-0.0828787
2722,-0.0817276
2723,-0.0790417
2724,-0.0740536
2725,-0.0677866
2726,-0.0603684
2727,-0.0519271
2728,-0.043102
2729,-0.032998
2730,-0.0223824
2731,-0.0108714
2732,-0.000127899
2733,0.0108714
2734,0.0223824
2735,0.0338933
2736,0.0434857
2737,0.0523108
2738,0.0603684
2739,0.0668913
2740,0.0723909
2741,0.0764837
2742,0.0798091
2743,0.0815997
2744,0.0815997
2745,0.0807044
2746,0.0781464
2747,0.073542
2748,0.0674029
2749,0.0603684
2750,0.0529503
2751,0.044381
2752,0.0350444
2753,0.0248124
2754,0.0135573
2755,0.00243008
2756,-0.00856924
2757,-0.0191849
2758,-0.0294168
2759,-0.0388813
2760,-0.0480901
2761,-0.057043
2762,-0.0644612
2763,-0.0708561
2764,-0.0757163
2765,-0.0789138
2766,-0.0805765
2767,-0.0810881
2768,-0.0804486
2769,-0.0782743
2770,-0.0753326
2771,-0.0703445
2772,-0.0643333
2773,-0.0562756
2774,-0.0474506
2775,-0.0377303
2776,-0.027882
2777,-0.0168827
2778,-0.00665076
2779,0.00422067
2780,0.0147084
2781,0.0246845
2782,0.0350444
2783,0.0439973
2784,0.0526945
2785,0.0601126
2786,0.0663797
2787,0.0718793
2788,0.0755884
2789,0.0778906
2790,0.0791696
2791,0.0787859
2792,0.0769953
2793,0.0737978
2794,0.0693213
2795,0.0639496
2796,0.0572988
2797,0.0497528
2798,0.0413114
2799,0.0314632
2800,0.021615
2801,0.0111272
2802,-0.000127899
2803,-0.0107435
2804,-0.0211034
2805,-0.0313353
2806,-0.0409277
2807,-0.0497528
2808,-0.0576825
2809,-0.0645891
2810,-0.0698329
2811,-0.0739257
2812,-0.0764837
2813,-0.0782743
2814,-0.0785301
2815,-0.0776348
2816,-0.0754605
2817,-0.0714956
2818,-0.0662518
2819,-0.0593452
2820,-0.0519271
2821,-0.0436136
2822,-0.0338933
2823,-0.0245566
2824,-0.0145805
2825,-0.00370908
2826,0.00588336
2827,0.0163711
2828,0.0267309
2829,0.0363234
2830,0.0448926
2831,0.0529503
2832,0.0597289
2833,0.0656123
2834,0.0702166
2835,0.0737978
2836,0.0758442
2837,0.0768674
2838,0.0758442
2839,0.0737978
2840,0.0703445
2841,0.0651007
2842,0.059601
2843,0.0530782
2844,0.0446368
2845,0.0356839
2846,0.0262193
2847,0.0166269
2848,0.00652286
2849,-0.00345328
2850,-0.0136852
2851,-0.0235334
2852,-0.0332538
2853,-0.0422067
2854,-0.0506481
2855,-0.0571709
2856,-0.0629264
2857,-0.0679145
2858,-0.0718793
2859,-0.0741815
2860,-0.0758442
2861,-0.0750768
2862,-0.073542
2863,-0.070984
2864,-0.0670192
2865,-0.0615195
2866,-0.054485
2867,-0.0468111
2868,-0.0387534
2869,-0.0289052
2870,-0.0196965
2871,-0.0103598
2872,-0.000127899
2873,0.00972034
2874,0.0195686
2875,0.0287773
2876,0.0376024
2877,0.0457879
2878,0.0530782
2879,0.059601
2880,0.0652286
2881,0.0688098
2882,0.0717514
2883,0.0741815
2884,0.0743094
2885,0.0725188
2886,0.0699608
2887,0.0657402
2888,0.0603684
2889,0.0543571
2890,0.0480901
2891,0.0399045
2892,0.031719
2893,0.0219987
2894,0.0120225
2895,0.00153479
2896,-0.00818555
2897,-0.0181617
2898,-0.0271146
2899,-0.0359397
2900,-0.0447647
2901,-0.0514155
2902,-0.0578104
2903,-0.0635659
2904,-0.0671471
2905,-0.0699608
2906,-0.0718793
2907,-0.0721351
2908,-0.0712398
2909,-0.0699608
2910,-0.0656123
2911,-0.0611358
2912,-0.0553803
2913,-0.049497
2914,-0.0416951
2915,-0.0331259
2916,-0.0241729
2917,-0.0145805
2918,-0.00524387
2919,0.00409277
2920,0.0130457
2921,0.0223824
2922,0.0312074
2923,0.0393929
2924,0.0470669
2925,0.053334
2926,0.0587057
2927,0.063438
2928,0.0667634
2929,0.068554
2930,0.069705
2931,0.0689377
2932,0.0674029
2933,0.0645891
2934,0.0606242
2935,0.0555082
2936,0.0488575
2937,0.0422067
2938,0.0346607
2939,0.0260914
2940,0.0168827
2941,0.00767395
2942,-0.00153479
2943,-0.0107435
2944,-0.0196965
2945,-0.0280099
2946,-0.0360676
2947,-0.0437415
2948,-0.0503923
2949,-0.055764
2950,-0.0607521
2951,-0.0636938
2952,-0.0663797
2953,-0.0679145
2954,-0.0674029
2955,-0.0663797
2956,-0.0640775
2957,-0.06088
2958,-0.0560198
2959,-0.0501365
2960,-0.0429741
2961,-0.0358118
2962,-0.0280099
2963,-0.0194407
2964,-0.0111272
2965,-0.00204639
2966,0.00729025
2967,0.0159874
2968,0.0244287
2969,0.0322306
2970,0.0397766
2971,0.0460437
2972,0.0514155
2973,0.0560198
2974,0.0597289
2975,0.0626706
2976,0.0639496
2977,0.0644612
2978,0.063438
2979,0.0622869
2980,0.0589615
2981,0.054485
2982,0.049497
2983,0.0434857
2984,0.0369629
2985,0.0289052
2986,0.0211034
2987,0.0131736
2988,0.00409277
2989,-0.00486017
2990,-0.0133015
2991,-0.0222545
2992,-0.0301842
2993,-0.0373466
2994,-0.0442531
2995,-0.0497528
2996,-0.0546129
2997,-0.058322
2998,-0.0612637
2999,-0.0633101
